ABCA13	MODERATE	missense_variant
ACHE	MODERATE	missense_variant
ACHE	MODERATE	missense_variant&NMD_transcript_variant
ANLN	MODERATE	missense_variant
ANLN	MODERATE	missense_variant&NMD_transcript_variant
ATP5MF	MODERATE	missense_variant
ATP5MF	MODERATE	missense_variant&NMD_transcript_variant
BRAF	MODERATE	missense_variant
BRAF	MODERATE	missense_variant&NMD_transcript_variant
EPHB4	MODERATE	missense_variant
EPHB4	MODERATE	missense_variant&NMD_transcript_variant
FGL2	MODERATE	missense_variant
GTF2I	MODERATE	missense_variant
KCNH2	MODERATE	missense_variant
KCNH2	MODERATE	missense_variant&NMD_transcript_variant
NPSR1	MODERATE	missense_variant
NPSR1	MODERATE	missense_variant&NMD_transcript_variant
PSPH	MODERATE	missense_variant&NMD_transcript_variant
RELN	MODERATE	missense_variant
RELN	MODERATE	missense_variant&NMD_transcript_variant
TRBV23-1	MODERATE	missense_variant
TRBV29-1	HIGH	stop_gained
ZNF862	MODERATE	missense_variant
